/*
SQLyog Community v13.1.1 (32 bit)
MySQL - 10.1.37-MariaDB : Database - sushitei_portal
*********************************************************************
*/

/*!40101 SET NAMES utf8 */;

/*!40101 SET SQL_MODE=''*/;

/*!40014 SET @OLD_UNIQUE_CHECKS=@@UNIQUE_CHECKS, UNIQUE_CHECKS=0 */;
/*!40014 SET @OLD_FOREIGN_KEY_CHECKS=@@FOREIGN_KEY_CHECKS, FOREIGN_KEY_CHECKS=0 */;
/*!40101 SET @OLD_SQL_MODE=@@SQL_MODE, SQL_MODE='NO_AUTO_VALUE_ON_ZERO' */;
/*!40111 SET @OLD_SQL_NOTES=@@SQL_NOTES, SQL_NOTES=0 */;
CREATE DATABASE /*!32312 IF NOT EXISTS*/`sushitei_portal` /*!40100 DEFAULT CHARACTER SET utf8mb4 */;

USE `sushitei_portal`;

/*Table structure for table `portal_permission` */

DROP TABLE IF EXISTS `portal_permission`;

CREATE TABLE `portal_permission` (
  `permission_id` mediumint(6) unsigned NOT NULL AUTO_INCREMENT,
  `permission_site` mediumint(6) unsigned NOT NULL,
  `permission_controller` varchar(50) DEFAULT NULL,
  `permission_method` varchar(50) DEFAULT NULL,
  `permission_name` varchar(50) DEFAULT NULL,
  `permission_type` tinyint(1) DEFAULT NULL COMMENT '0=url access;1=other access',
  `permission_url` varchar(250) DEFAULT NULL,
  `permission_description` varchar(50) DEFAULT NULL,
  `permission_icon` varchar(50) DEFAULT NULL,
  `permission_code` varchar(30) DEFAULT NULL,
  `permission_order` tinyint(3) unsigned DEFAULT '0',
  `show_on_menu` tinyint(1) NOT NULL DEFAULT '1',
  PRIMARY KEY (`permission_id`)
) ENGINE=InnoDB AUTO_INCREMENT=48 DEFAULT CHARSET=utf8mb4;

/*Data for the table `portal_permission` */

insert  into `portal_permission`(`permission_id`,`permission_site`,`permission_controller`,`permission_method`,`permission_name`,`permission_type`,`permission_url`,`permission_description`,`permission_icon`,`permission_code`,`permission_order`,`show_on_menu`) values 
(1,0,NULL,NULL,'Portal',1,NULL,'Access to Portal',NULL,'siteAccess',0,1),
(2,2,NULL,NULL,'Administrator',1,'administrator/home','Access to Administrator',NULL,'siteAccess',0,1),
(3,2,NULL,NULL,'Dashboard',0,'administrator/home','Dashboard',NULL,'accessAdminDashboard',1,1),
(4,2,NULL,NULL,'Manage User',0,'administrator/user','Manage User',NULL,'accessManageUser',1,1),
(6,3,NULL,NULL,'IT Helpdesk',1,'hd/it','Access to IT Helpdesk',NULL,'siteAccess',0,1),
(7,2,NULL,NULL,'Manage Role',0,'administrator/role','Manage Role',NULL,'accessManageRole',1,1),
(8,4,NULL,NULL,'Room Booking',1,'rsv/room','Access to Room Booking',NULL,'siteAccess',0,1),
(12,2,NULL,NULL,'Manage Site',0,'administrator/site','Manage Site',NULL,'accessManageSite',1,1),
(13,4,NULL,NULL,'Room Booking',1,NULL,'Administrator',NULL,'isAdmin',2,0),
(14,5,NULL,NULL,'MRP Helpdesk',1,'hd/mrp','Access to MRP Helpdesk',NULL,'siteAccess',0,1),
(15,6,NULL,NULL,'GA Helpdesk',1,'hd/ga','Access to GA Helpdesk',NULL,'siteAccess',0,1),
(16,9,NULL,NULL,'PRP',1,'mt/prp','Access to PRP',NULL,'siteAccess',0,1),
(17,10,NULL,NULL,'Car Booking',1,'rsv/car','Access to Car Booking',NULL,'siteAccess',0,1),
(18,5,NULL,NULL,'MRP Helpdesk',1,NULL,'Administrator',NULL,'isAdmin',2,0),
(20,4,NULL,NULL,'Room Booking',1,NULL,'Receive Email',NULL,'receiveEmail',3,0),
(21,3,NULL,NULL,'IT Helpdesk',1,NULL,'Receive Email',NULL,'receiveEmail',3,0),
(22,6,NULL,NULL,'GA Helpdesk',1,NULL,'Receive Email',NULL,'receiveEmail',3,0),
(23,3,NULL,NULL,'IT Helpdesk',1,NULL,'Administrator',NULL,'isAdmin',2,0),
(24,6,NULL,NULL,'GA Helpdesk',1,NULL,'Administrator',NULL,'isAdmin',2,0),
(25,5,NULL,NULL,'MRP Helpdesk',1,NULL,'Receive Email',NULL,'receiveEmail',3,0),
(26,9,NULL,NULL,'PRP',1,NULL,'Administrator',NULL,'isAdmin',2,0),
(27,10,NULL,NULL,'Car Booking',1,NULL,'Administrator',NULL,'isAdmin',2,0),
(28,10,NULL,NULL,'Car Booking',1,NULL,'Receive Email',NULL,'receiveEmail',3,0),
(29,7,NULL,NULL,'PQNC',1,NULL,'Administrator',NULL,'isAdmin',2,0),
(30,8,NULL,NULL,'SLNC',1,NULL,'Administrator',NULL,'isAdmin',2,0),
(31,7,NULL,NULL,'PQNC',1,'hd/pqnc','Access to PQNC',NULL,'siteAccess',0,1),
(32,8,NULL,NULL,'SLNC',1,'hd/slnc','Access to SLNC',NULL,'siteAccess',0,1),
(33,11,NULL,NULL,'Rawmat',1,'hd/mp','Access to Rawmat',NULL,'siteAccess',0,1),
(34,11,NULL,NULL,'Rawmat',1,NULL,'Administrator',NULL,'isAdmin',2,0),
(35,7,NULL,NULL,'PQNC',1,NULL,'Receive Email',NULL,'receiveEmail',3,0),
(36,8,NULL,NULL,'SLNC',1,NULL,'Receive Email',NULL,'receiveEmail',3,0),
(37,7,NULL,NULL,'PQNC',1,NULL,'Engineer List',NULL,'PQNCEngineer',4,0),
(38,8,NULL,NULL,'SLNC',1,NULL,'Engineer',NULL,'SLNCEngineer',4,0),
(39,13,NULL,NULL,'PA Desk',1,'hd/pa','Access to PA Desk',NULL,'siteAccess',0,1),
(40,13,NULL,NULL,'PA Desk',1,NULL,'Administrator',NULL,'isAdmin',2,0),
(41,13,NULL,NULL,'PA Desk',1,NULL,'Receive Email',NULL,'receiveEmail',3,0),
(42,11,NULL,NULL,'Rawmat',1,NULL,'Receive Email',NULL,'receiveEmail',3,0),
(43,14,NULL,NULL,'Email Blaster',1,'hd/send_email','Access to Send Email',NULL,'siteAccess',0,1),
(44,11,NULL,NULL,'Material Procurement',1,NULL,'Access as FNB',NULL,'isFNB',4,0),
(45,11,NULL,NULL,'Material Procurement',1,NULL,'Access as Purchasing',NULL,'isPurchasing',4,0),
(46,11,NULL,NULL,'Material Procurement',1,NULL,'Access as QA',NULL,'isQA',4,0),
(47,11,NULL,NULL,'Material Procurement',1,NULL,'Access as KAHI',NULL,'isKAHI',4,0);

/*Table structure for table `portal_sites` */

DROP TABLE IF EXISTS `portal_sites`;

CREATE TABLE `portal_sites` (
  `site_id` mediumint(6) unsigned NOT NULL AUTO_INCREMENT,
  `site_name` varchar(50) DEFAULT NULL,
  `site_status` tinyint(1) DEFAULT NULL,
  `site_color` varchar(15) DEFAULT NULL,
  `site_icon` varchar(15) DEFAULT NULL,
  `site_group` tinyint(2) DEFAULT NULL,
  PRIMARY KEY (`site_id`)
) ENGINE=InnoDB AUTO_INCREMENT=15 DEFAULT CHARSET=utf8mb4;

/*Data for the table `portal_sites` */

insert  into `portal_sites`(`site_id`,`site_name`,`site_status`,`site_color`,`site_icon`,`site_group`) values 
(1,'Portals',1,'bg-primary','fa-tachometer',1),
(2,'Administrator',1,NULL,'fa-cog',1),
(3,'IT Helpdesk',1,'bg-warning','fa-magic',2),
(4,'Room Reservation',1,'bg-success','fa-bell',5),
(5,'MRP Helpdesk',1,'bg-info','fa-cog',2),
(6,'GA Helpdesk',1,'bg-success','fa-book',2),
(7,'PQNC',1,'bg-success','fa-check-square',3),
(8,'SLNC',1,'bg-danger','fa-check-circle',3),
(9,'PRP',1,'bg-warning','fa-check-square',4),
(10,'Car Reservation',1,'bg-info','fa-car',5),
(11,'Material Precurement',1,'bg-success','fa-check',4),
(13,'Personel Assistance Desk',1,'bg-info','fa-book',2),
(14,'Email Blaster',1,'bg-info','fa-envelope',3);

/*Table structure for table `portal_store` */

DROP TABLE IF EXISTS `portal_store`;

CREATE TABLE `portal_store` (
  `store_id` smallint(3) unsigned NOT NULL AUTO_INCREMENT,
  `store_name` varchar(30) CHARACTER SET utf8 NOT NULL,
  `store_type` tinyint(3) unsigned NOT NULL,
  `store_location` smallint(3) unsigned NOT NULL,
  `store_address` varchar(255) CHARACTER SET utf8 DEFAULT NULL,
  `store_email` varchar(100) NOT NULL,
  `store_phone` varchar(18) CHARACTER SET utf8 DEFAULT NULL,
  `store_status` tinyint(1) unsigned NOT NULL,
  `default_point` tinyint(3) NOT NULL DEFAULT '100',
  PRIMARY KEY (`store_id`),
  KEY `location_id` (`store_location`)
) ENGINE=InnoDB AUTO_INCREMENT=127 DEFAULT CHARSET=utf8mb4;

/*Data for the table `portal_store` */

insert  into `portal_store`(`store_id`,`store_name`,`store_type`,`store_location`,`store_address`,`store_email`,`store_phone`,`store_status`,`default_point`) values 
(1,'Sushi Tei Plaza Indonesia',1,1,NULL,'manager.pi@sushitei.co.id',NULL,1,100),
(2,'Sushi Tei Plaza Senayan',1,1,NULL,'manager.ps@sushitei.co.id',NULL,1,100),
(3,'Sushi Tei Pondok Indah Mall 2',1,1,NULL,'manager.pim@sushitei.co.id',NULL,1,100),
(4,'Sushi Tei Senayan City',1,1,NULL,'manager.senci@sushitei.co.id',NULL,1,100),
(5,'Sushi Tei Mall Kelapa Gading',1,1,NULL,'manager.mkg@sushitei.co.id',NULL,1,100),
(6,'Sushi Tei Emporium Pluit',1,1,NULL,'manager.ep@sushitei.co.id',NULL,1,100),
(7,'Sushi Tei Central Park',1,1,NULL,'manager.cp@sushitei.co.id',NULL,1,100),
(8,'Sushi Tei Gandaria City',1,1,NULL,'manager.gc@sushitei.co.id',NULL,1,100),
(9,'Sushi Tei Flavour Bliss',1,1,NULL,'manager.fs@sushitei.co.id',NULL,1,100),
(10,'Sushi Tei Supermall Karawaci',1,1,NULL,'manager.karawaci@sushitei.co.id',NULL,1,100),
(11,'Sushi Tei Grand Indonesia',1,1,NULL,'manager.gi@sushitei.co.id',NULL,1,100),
(12,'Sushi Tei Lotte Avenue',1,1,NULL,'manager.la@sushitei.co.id',NULL,1,100),
(13,'Sushi Tei Kota Kasablanka',1,1,NULL,'manager.kk@sushitei.co.id',NULL,1,100),
(14,'Sushi Tei Summarecon Bekasi',1,1,NULL,'manager.sb@sushitei.co.id',NULL,1,100),
(15,'Sushi Tei Bintaro Xchange',1,1,NULL,'manager.bx@sushitei.co.id',NULL,1,100),
(16,'Sushi Tei The Breeze',1,1,NULL,'manager.tb@sushitei.co.id',NULL,1,100),
(17,'Sushi Tei Puri Mall',1,1,NULL,'manager.pm@sushitei.co.id',NULL,1,100),
(18,'Sushi Tei Summarecon Serpong',1,1,NULL,'manager.sms@sushitei.co.id',NULL,1,100),
(99,'HO',0,15,NULL,'',NULL,1,100),
(100,'Sushi Kiosk Puri',2,14,NULL,'',NULL,1,100),
(101,'Sushi Kiosk Sentul',2,14,NULL,'',NULL,0,100),
(102,'Sushi Kiosk Botani',2,14,NULL,'',NULL,0,100),
(103,'Sushi Kiosk Grand Indonesia',2,14,NULL,'',NULL,0,100),
(104,'Sushi Kiosk WTC 2',2,14,NULL,'',NULL,0,100),
(105,'Central Kitchen',0,15,NULL,'',NULL,1,100),
(106,'ST Bintaro Xchange',1,1,NULL,'manager.bx@sushitei.co.id',NULL,0,100),
(107,'Warehouse',0,15,NULL,'',NULL,1,100),
(108,'Sushi Tei Kemang Village',1,1,NULL,'manager.kv@sushitei.co.id',NULL,1,100),
(109,'Sushi Tei Margo City',1,1,NULL,'manager.mc@sushitei.co.id',NULL,1,100),
(110,'Sushi tei Palembang',1,4,NULL,'',NULL,1,100),
(111,'Sushi Tei Bali',1,5,NULL,'',NULL,1,100),
(112,'Citywalk',1,1,NULL,'',NULL,0,100),
(113,'Sushi Tei Citywalk Sudirman',1,1,NULL,'manager.cwk@sushitei.co.id',NULL,1,100),
(114,'Sushi Tei Mall Ciputra Cibubur',1,1,NULL,'manager.mcc@sushitei.co.id',NULL,1,100),
(115,'Sushi Tei Surabaya',1,2,NULL,'',NULL,1,100),
(116,'Trans Studio Bandung',1,6,NULL,'',NULL,1,100),
(117,'Tom Sushi Grand Indonesi',3,12,NULL,'manager.gi@tomsushi.co.id',NULL,1,100),
(118,'Tom Sushi MI',3,12,NULL,'manager.mi@tomsushi.co.id',NULL,1,100),
(119,'Tom Sushi GGP',3,12,NULL,'manager.ggp@tomsushi.co.id',NULL,1,100),
(120,'Tom Sushi PV',3,12,NULL,'manager.pv@tomsushi.co.id',NULL,1,100),
(121,'Tom Sushi Dmall Depok',3,12,NULL,'manager.dmall@tomsushi.co.id',NULL,1,100),
(122,'Tom Sushi PIM',3,12,NULL,'manager.pim@tomsushi.co.id',NULL,1,100),
(123,'Sushi Tei Pacific Place',1,1,NULL,'manager.pp@sushitei.co.id',NULL,1,100),
(126,'Sushi Tei TSC',2,1,NULL,'manager.tsc@sushitei.co.id',NULL,1,100);

/*Table structure for table `portal_user` */

DROP TABLE IF EXISTS `portal_user`;

CREATE TABLE `portal_user` (
  `user_id` smallint(5) unsigned NOT NULL AUTO_INCREMENT,
  `user_name` varchar(50) CHARACTER SET utf8 NOT NULL,
  `user_password` varchar(100) CHARACTER SET utf8 NOT NULL,
  `display_name` varchar(50) CHARACTER SET utf8 NOT NULL,
  `email` varchar(50) CHARACTER SET utf8 NOT NULL,
  `store_id` smallint(3) unsigned NOT NULL,
  `department_id` smallint(3) unsigned NOT NULL,
  `role_id` smallint(2) unsigned NOT NULL,
  `employee_id` mediumint(8) unsigned zerofill NOT NULL,
  `security_question` tinyint(1) unsigned NOT NULL,
  `security_answer` varchar(40) CHARACTER SET utf8 NOT NULL,
  `user_status` tinyint(1) unsigned NOT NULL,
  `password_md5` varchar(50) CHARACTER SET utf8 DEFAULT NULL,
  PRIMARY KEY (`user_id`),
  UNIQUE KEY `user_name` (`user_name`),
  KEY `group_id` (`role_id`),
  KEY `employee_id` (`employee_id`),
  KEY `store_id` (`store_id`)
) ENGINE=InnoDB AUTO_INCREMENT=6824 DEFAULT CHARSET=utf8mb4;

/*Data for the table `portal_user` */

insert  into `portal_user`(`user_id`,`user_name`,`user_password`,`display_name`,`email`,`store_id`,`department_id`,`role_id`,`employee_id`,`security_question`,`security_answer`,`user_status`,`password_md5`) values 
(1028,'vendorst','e10adc3949ba59abbe56e057f20f883e','Vendor','tes@sushitei.co.id',99,0,3,00000000,0,'',1,NULL),
(1029,'teknisist','e10adc3949ba59abbe56e057f20f883e','Teknisi','tes2@sushitei.co.id',99,0,3,00000000,0,'',1,NULL),
(6610,'adminhrd1.jkt@sushitei.co.id','$2y$09$yi2gE7GSiXipOs8pFd7ANuxoRbTVU56S4BHkeyLUWiaHLOVhyhW/2','Galy','adminhrd1.jkt@sushitei.co.id',99,9,4,00000000,0,'',1,NULL),
(6611,'creative.spv@sushitei.co.id','$2y$09$rQhsNYNMSXQk43.Ei0J8NOwuXykGyVfVMdlK3KXaW3J51KayeK0VO','Advent Putra','creative.spv@sushitei.co.id',99,15,4,00000000,0,'',1,NULL),
(6612,'dodi@sushitei.co.id','$2y$09$IyrtY8BNPDjaJfGG.bp9NeyBMaXU7JgFGhg0MWpB6XGLvZ7Q30T/e','Dodi','dodi@sushitei.co.id',99,18,28,00000000,0,'',1,NULL),
(6613,'maria@sushitei.co.id','$2y$09$kO0X7J6s3wWAAgkY5A5sm.qNGcGmInv1h4.NcwVynflKyTV.QrWJS','Maria','maria@sushitei.co.id',99,14,4,00000000,0,'',1,NULL),
(6614,'finance3.jkt@sushitei.co.id','$2y$09$u65CAHaZ1UJiO8KpMkVde.T1NQ6T/6Pql7IrfBnmYUGgf2JbUKr92','Evi','finance3.jkt@sushitei.co.id',99,3,4,00000000,0,'',1,NULL),
(6615,'finance4.jkt@sushitei.co.id','','Enzel','finance4.jkt@sushitei.co.id',99,0,4,00000000,0,'',1,NULL),
(6616,'ismail@sushitei.co.id','','ismail','ismail@sushitei.co.id',99,0,4,00000000,0,'',0,NULL),
(6617,'it5.jkt@sushitei.co.id','$2y$09$DIKgJEqmrrAJcapOo3bx3.CdqDA/8ofLp448eV9kZt/qmMcyuEvRW','Jansen','it5.jkt@sushitei.co.id',99,1,10,00000000,0,'',1,NULL),
(6618,'operationst.jkt@sushitei.co.id','','Operation ST','operationst.jkt@sushitei.co.id',99,0,4,00000000,0,'',1,NULL),
(6619,'rika@sushitei.co.id','$2y$09$VjJeiNu7LWlOV1rKSVdLkOe1WDJhXlsUrfuI8iiAI6h1Cd5sJinxC','Rika','rika@sushitei.co.id',99,0,4,00000000,0,'',1,NULL),
(6620,'training1.jkt@sushitei.co.id','','training1','training1.jkt@sushitei.co.id',99,0,4,00000000,0,'',1,NULL),
(6621,'yennita@sushitei.co.id','','yennita','yennita@sushitei.co.id',99,3,4,00000000,0,'',1,NULL),
(6641,'adminfb@sushitei.co.id','$2y$09$caoOjinzNF.fsWWr6Y9Gn.rZJzETaeG6j9RjyjZ1uSx3tIZsNaLUe','lila rahma','adminfb@sushitei.co.id',99,6,28,00000000,3,'zulviarty usman',1,NULL),
(6642,'dede','$2y$09$D./TZiUHyiojvytsgbC9hetJqkncPBC94sP5PMq4uwSpyxERQwGdS','Dede Mardinah','adminfbspv@sushitei.co.id',99,5,7,00000000,1,'PI',1,NULL),
(6643,'adminhrd4.jkt@sushitei.co.id','$2y$09$Qv2U1A9NKB1dkciOeVXAZuDsjDurbSkOuRI5GvS4xE8YOFDpsi7xu','Nova Kristiantoro','adminhrd4.jkt@sushitei.co.id',99,0,26,00000000,1,'HO',1,NULL),
(6644,'adminhrd5.jkt@sushitei.co.id','$2y$09$XG/.RJOHRUqEZrBZhv9CV.cdWXsKxrSoqfr1O8iRSZzokonqHiBJ2','Dhani','adminhrd5.jkt@sushitei.co.id',99,9,26,00000000,0,'',1,NULL),
(6645,'alfin','$2y$09$SZP1TAD08F99rUzXOc8Gp./KvFaYIegRr/eADvpJxbMlKOgc4CeSi','Alfin','alfin@sushitei.co.id',99,0,5,00000000,1,'Plaza Indonesia',1,NULL),
(6646,'any@sushitei.co.id','$2y$09$5W1CLSTCtojo5XNvu4yXqeqPz6sJmFRDzobMYBmRD7J/.KMaNm7qK','Any Puspa','any@sushitei.co.id',99,9,26,00000000,1,'HO',1,NULL),
(6647,'budi@sushitei.co.id','$2y$09$gf6tptCEsJJMzIvaqQbh6uzx239aISiVhvVNNnGywVwDnG8uzWfrm','Sushi Tei Bandung','budi@sushitei.co.id',116,0,21,00000000,0,'',1,NULL),
(6648,'central.kitchen@sushitei.co.id','$2y$09$nubhBVQNJYBLInCuiQiIt.qOWqIrNsi.hyo4I23sL/HdtNmszCPvq','HCK','central.kitchen@sushitei.co.id',105,0,22,00000000,0,'',1,NULL),
(6649,'febriarbi','$2y$09$TX49Vw816BGrzA4jpo4fFuq2ORtoMcoyl2HMvOCK.aUrGatQIMhAy','Febriansyah Arbi','costcontrol3.jkt@sushitei.co.id',99,0,4,00000000,1,'HO',1,NULL),
(6650,'dcr1.jkt@sushitei.co.id','$2y$09$HIz3N2gy/BBPZ2p6fwFIWeANxCvLiHnJV01pZ.DaqyJcI.m4wV5wi','Yussy','dcr1.jkt@sushitei.co.id',99,24,29,00000000,0,'',1,NULL),
(6651,'devi@sushitei.co.id','$2y$09$0RokLFqiB/SjCwqM9E.XN.a1VBVwoxuRR.cE8tsWwOwAElx79hJJO','Raden Roro Devi Suwanti','devi@sushitei.co.id',99,0,7,00000000,0,'',1,NULL),
(6652,'dwi.purnomo@sushitei.co.id','$2y$09$SCaHlUjomxhfrjlL5z86ge0zEr4QBPdvXoejgnLU8KrmGmje6auQ6','Dwi Purnomo','dwi.purnomo@sushitei.co.id',99,18,7,00000000,1,'MKG',1,NULL),
(6653,'ga','$2y$09$8VG.KkfxtkCksclMHgmxd.KnjQBb5IPx5ThWFgkaGLXWmrAvYu7HO','Rijal','ga1.jkt@sushitei.co.id',99,8,11,00000000,1,'123',1,NULL),
(6654,'ga2.jkt@sushitei.co.id','$2y$09$//uTgAXqqjGu/JlbSdB3J.N.w1ar3a/NTN2yI2YRP3YiF7UAA0Qfu','Tami Fitria','ga2.jkt@sushitei.co.id',99,8,11,00000000,0,'',1,NULL),
(6655,'hadi.chandra','$2y$09$RPYUmnTSIN3XfKXjsWT05OMhx5eAYJi/0f5PbBV2fuRl0NJVLpOhK','Hadi Chandra','hadi.chandra@sushitei.co.id',99,0,5,00000000,4,'ayam',1,NULL),
(6656,'happy.nurlia@sushitei.co.id','$2y$09$C3nblt//ZMqGY5fRptDJNe4G8.NdXOO0uMyH/aEIP19wUMBwTrvhK','Happy Nurlia','happy.nurlia@sushitei.co.id',99,15,4,00000000,1,'marketing',1,NULL),
(6657,'headsk1@sushitei.co.id','$2y$09$23R11bD9A4SVfKMnmslMr.h/jjr.fHeeUArpSAVCwmhhOtG7MvSQy','Andhika Kusuma','headsk1@sushitei.co.id',99,0,30,00000000,0,'',1,NULL),
(6658,'headsk2@sushitei.co.id','$2y$09$nVPvlIwqFQcrXxPLNPh3LuTMU56A3cV0ZMBbPB7PqVu44Fx7hcNT6','Dwi Kristanto','headsk2@sushitei.co.id',99,0,30,00000000,0,'',1,NULL),
(6659,'headsk3@sushitei.co.id','$2y$09$sV47wovk3YuB/gZ4vjfHAuPA.IkbpTDiLBe/Ev0cfvYx5Jl75vG1G','Fadilah Hakim','headsk3@sushitei.co.id',99,0,30,00000000,0,'',1,NULL),
(6660,'headsk4@sushitei.co.id','$2y$09$rmcDXlx.PzARO14EdBlLoO9IRZq/URJWKTucrtWWnv1C/R2o36eHK','Heri Kiswanto','headsk4@sushitei.co.id',99,0,30,00000000,0,'',1,NULL),
(6661,'headsk5@sushitei.co.id','$2y$09$lTCJWjC3ATu9D4Y1vqQr5eoMQkw9RoMXc7dz6WpEpu2XpA.wslpIa','Slamet Asroi','headsk5@sushitei.co.id',99,0,30,00000000,1,'HO',1,NULL),
(6662,'indra@sushitei.co.id','$2y$09$wLNRRj.Eq3EaZaDWFYGtE.4Ac6fV2k1Qve.D7.xZQqVLe3cMwIbSS','Indra','indra@sushitei.co.id',99,19,31,00000000,0,'',1,NULL),
(6663,'daniellintong','$2y$09$naXUUv9SmORZmFHwiO49yeUG52s4I803T7qH3NZharqCqq6Sb0A5m','Daniel Lintong','intaudit1.jkt@sushitei.co.id',99,0,4,00000000,1,'HO',1,NULL),
(6664,'Arifuzaki','$2y$09$yhevAOcRvXOhQXogiEhvNeJSiPuBl65c1QoZDhigEUIBbr10v07gy','Arifuzaki','intauditspv2.jkt@sushitei.co.id',99,10,4,00000000,1,'HO',1,NULL),
(6665,'isapp','$2y$09$VtnqbpMCxtVWUPGF0x.K0urwLKoKIkQbtpkanQgXTPnPVhHDd4Wmi','ISA PP','isa.pp@sushitei.co.id',123,0,4,00000000,1,'pasific place',1,NULL),
(6666,'isa2.jkt@sushitei.co.id','$2y$09$YO5K5SXAxvkErsVSa.MQDOO76tEAYmNdXsPMyeLrxnglcTcXH8B7a','Admin ISA','isa2.jkt@sushitei.co.id',99,11,4,00000000,0,'',1,NULL),
(6667,'it.st.plg@sushitei.co.id','$2y$09$uvpjZ7b9C7E6c2PP22eheuuE3ifexsfXwbwPggo7F1gMuLQdkUbze','Sushi Tei Palembang','it.st.plg@sushitei.co.id',110,0,21,00000000,0,'',1,NULL),
(6668,'rahmats','$2y$09$PJAwt6fANw4SRaJNP/p7IuvCn5RARQF4w9KJDNQTww1RzTzhHZ55K','Rahmat Samsudin','it1.jkt@sushitei.co.id',99,1,1,00009311,2,'rocky',1,NULL),
(6669,'it2.jkt@sushitei.co.id','$2y$09$EPsNlnFzda5qUwkO7lGj7eRXWhxkXmeA3S19Gv85KzT.NE04oHvPa','Dessy Anggoro Putri','it2.jkt@sushitei.co.id',99,12,10,00000000,0,'',1,NULL),
(6670,'it3.jkt@sushitei.co.id','$2y$09$Jn1/sQHfRn4ytkX7sDQGXuyHFKQlOQ9SIDO0ZNG/t2gfrbNM3Nv3W','Leonardo','it3.jkt@sushitei.co.id',99,0,10,00000000,0,'',1,NULL),
(6671,'it4.jkt@sushitei.co.id','$2y$09$VeAT1gAOdVnweExTIJpol.Oz56.5u8kcIHhNhar3e57hH7XlxQNDK','Eka Nuari','it4.jkt@sushitei.co.id',99,0,1,00000000,0,'',1,NULL),
(6672,'it6.jkt@sushitei.co.id','$2y$09$z.Ib8wVLSHPRFZl3wgilMOR3xdMdBeaVY5WwRdD7SfMpgSfWjk6fy','Fina Alfiatul Jannah','it6.jkt@sushitei.co.id',99,12,1,00000000,1,'HO',1,NULL),
(6673,'it7.jkt@sushitei.co.id','$2y$09$7M1yj/XtmAhYO3NR03ydDOOy0h8osWiAGGEwYNsZyjn6Eg.0Qnr.G','Heru Sartono','it7.jkt@sushitei.co.id',99,12,10,00000000,2,'heru',1,NULL),
(6674,'it8.jkt@sushitei.co.id','$2y$09$xMLHUviDJzocKCq2LQZvleQboQGT4MTXBwOHIrrJxsC.Y6EzX4s0S','Fransius Situmorang','it8.jkt@sushitei.co.id',99,0,10,00000000,2,'wisnu ganteng',1,NULL),
(6675,'prabu','$2y$09$eyysozk51M3OUbVme2.jKOAXcP7qg0YNiHh01iogrPRCxfWfPzHyi','Prabu Fajar','it9.jkt@sushitei.co.id',99,0,10,00000000,2,'spiderman',1,NULL),
(6676,'eva.kopber','$2y$09$li5XdU3A8MCejs/qqAGgsuHIoNtRt/MGsI2LPwtUbbVVXjMehhLpu','Eva Koperasi Berkat','ketua.kopber@gmail.com',99,0,4,00000000,1,'HO',1,NULL),
(6677,'kriswahyuda','$2y$09$TqeSD65fQL74KfIa6rF4FOJllFYif8kkDDcVmkIOM7WB.IfIZ0nYa','Kris Wahyuda','kris@sushitei.co.id',99,10,4,00000000,3,'agnes',1,NULL),
(6678,'kris.h','$2y$09$63FEczKhtlLECqz4bZfTr.2NYHrkxSNf/WXW8aZ9ipndjr0lgK1Vq','Krishandaya','krishandaya@sushitei.co.id',99,12,1,00000000,0,'',1,NULL),
(6679,'legal.jkt','$2y$09$XaV.8lyssNvJLkkMOwVI3OPx21a2.jy8ncEfESbQRoFSUK/zUpZbW','Setyorini','legal.jkt@sushitei.co.id',99,14,4,00000000,0,'',1,NULL),
(6680,'qa.spv3','$2y$09$k1JO1Fe4w3xRXekIX5/3UugkzaWxkGnz.HwKncHVvdy3j7kWenRUm','Levi','levi@sushitei.co.id',99,24,7,00000000,0,'',1,NULL),
(6681,'luciana','$2y$09$fOUOGulcJ//evoQgr1Bn7.K5s2ZJ7t2qXZk9RgUcr4SFgZWzm4/ue','Luciana','luciana@sushitei.co.id',99,3,4,00000000,1,'fat',1,NULL),
(6682,'m.chandra@sushitei.co.id','$2y$09$qPRmhSVZ57mLV/ySnFItl.jngQEFJICyiRGVKzR.UO0Opw67NzToi','michael','m.chandra@sushitei.co.id',99,20,28,00000000,1,'PI',1,NULL),
(6683,'manager.bx','$2y$09$J9IydqWcCYxalP25N1deR.T7BUIJy0RIUV/zNttOVvSVY5.tozoze','MOD Bintaro Xchange','manager.bx@sushitei.co.id',15,0,15,00000000,0,'',1,NULL),
(6684,'manager.cp','$2y$09$pzwgMHGozB/Y2Kr19OIxtudpE2pKGzFb2PY75lk/VxKnv2udj4WXS','MOD Central Park','manager.cp@sushitei.co.id',7,0,15,00000000,0,'',1,NULL),
(6685,'manager.cwk@sushitei.co.id','$2y$09$5dqjH9Nrw13PVlhI.3272.sRFKpxeY42BYLdQrUio85yzrO3aF9ka','MOD City Walk','manager.cwk@sushitei.co.id',112,0,15,00000000,0,'',1,NULL),
(6686,'manager.ep@sushitei.co.id','$2y$09$xk6HhtsnTCsF92t86fQzLOcus.Q.pFhYLlIgPCU9MdJrcKmlmIgmy','MOD Emporium Pluit','manager.ep@sushitei.co.id',6,0,15,00000000,0,'',1,NULL),
(6687,'manager.fs','$2y$09$On7OEAK7pUWoEwHwwQToD.lEXBHukO13.A/98wJytMTg7NEu1odyq','MOD Flavour Bliss','manager.fs@sushitei.co.id',9,0,15,00000000,0,'',1,NULL),
(6688,'manager.gc','$2y$09$mMw6Ip0bixOJlvTqv2H.rufQTB94etxpW9Nx.UJPO0X7hf8sT//FS','MOD Gandaria City','manager.gc@sushitei.co.id',8,0,15,00000000,0,'',1,NULL),
(6689,'manager.ggp@tomsushi.co.id','$2y$09$ggrbicJ1IO6SVFV4pJrVXeLv6ECahRzqi.zFnsnViq8Om50DkqWCG','Tom Sushi GGP','manager.ggp@tomsushi.co.id',119,0,24,00000000,0,'',1,NULL),
(6690,'manager.gi','$2y$09$43uEzNKE2wJC7AoVKnhwAOt4dPXL/tqlzuHPrrVOgW4rIPmKw5gA2','MOD Grand Indonesia','manager.gi@sushitei.co.id',11,0,15,00000000,0,'',1,NULL),
(6691,'manager.gi@tomsushi.co.id','$2y$09$Bbee6eEnc2slxOhoRY70L.Vnp52H4aB9DTdKwDi6FhXQZfUDDJt7q','Tom Sushi GI','manager.gi@tomsushi.co.id',117,0,24,00000000,0,'',1,NULL),
(6692,'manager.kw','$2y$09$xlEAoNCNB6TiMysxsMlB8eLhWGkdsVfbQh4nFBWRPIgYRMkU1cfi.','MOD Karawaci','manager.karawaci@sushitei.co.id',10,0,15,00000000,0,'',1,NULL),
(6693,'manager.kk','$2y$09$NaO2I5KFsZE3fEQMss0nBu0cD1oo2svUBGxMyrJDNV.Ob0xuLOQ62','MOD Kota Kasablanka','manager.kk@sushitei.co.id',13,0,15,00000000,0,'',1,NULL),
(6694,'manager.kv','$2y$09$WbT5aZ7WEnEjko5xzfx/TeOWeBxr0WpuYU.jEWGp6/2upmzmGhKe.','MOD Kemang Village','manager.kv@sushitei.co.id',108,0,15,00000000,0,'',1,NULL),
(6695,'manager.la','$2y$09$M.KX3LVvtJqqYWaDWlM0WunHUpc1.vShkR7uhx2Phz2qusK1IwdhO','MOD Lotte Avenue','manager.la@sushitei.co.id',12,0,15,00000000,0,'',1,NULL),
(6696,'manager.mc','$2y$09$kN0yN.GObaVr0xHS0DcGueXSCVcX0d/ws0z/ntx1mQzifR09JHqCy','MOD Margo City','manager.mc@sushitei.co.id',109,0,15,00000000,0,'',1,NULL),
(6697,'manager.mcc','$2y$09$syJI7BR7HqE6Hzbyqj/JJ.Lg.RmYQ6zfAfC3INwIMw8xBs4o4LGOa','MOD Mall Ciputra Cibubur','manager.mcc@sushitei.co.id',114,0,15,00000000,0,'',1,NULL),
(6698,'manager.mkg','$2y$09$1AcTlj/PqrXs/VQXzgag4uDJ5ZwqjMe8boM.qCI3Us/7y9ttwjYrG','MOD Mall Kelapa Gading','manager.mkg@sushitei.co.id',5,0,15,00000000,0,'',1,NULL),
(6699,'manager.moi@tomsushi.co.id','$2y$09$YQHln1fPMISLOS/I1cYVhO8RJeokDC9qHK5NByxxYEW/Lh4nviAwm','Tom Sushi MOI','manager.moi@tomsushi.co.id',118,0,24,00000000,0,'',1,NULL),
(6700,'manager.pi@sushitei.co.id','$2y$09$1I4DItOWLKD3MAW4QV3Fw.s1ZWlyvKSfvrRM9WB0A9NZ7wX.ITFLm','MOD Plaza Indonesia','manager.pi@sushitei.co.id',1,0,15,00000000,0,'',1,NULL),
(6701,'manager.pim','$2y$09$mdjAbyQAlgEoD1/a9giyne4iAqpXaPhafIF5R7W3XcQ1B5CQskG8G','MOD PIM','manager.pim@sushitei.co.id',3,0,15,00000000,0,'',1,NULL),
(6702,'manager.pm','$2y$09$8Fa46GKCeWASYx3SMQN2PuKxqhPtR3rvq6Wpwe.cRMEfeanXfeBHm','MOD Puri Mall','manager.pm@sushitei.co.id',17,0,15,00000000,0,'',1,NULL),
(6703,'manager.pp','$2y$09$HlmIIEpN2t9xUAYSRoiDUebnpB2xwlUCnnyLLheT9Qt.pQON5zuZm','MOD Pacific Place','manager.pp@sushitei.co.id',123,0,15,00000000,0,'',1,NULL),
(6704,'manager.ps','$2y$09$i49lFhiqQLwWYn8Nhxlpfex15nQTa0EcPUbaKoix1FF5AEvsZOkvS','MOD Plasa Senayan','manager.ps@sushitei.co.id',2,0,15,00000000,0,'',1,NULL),
(6705,'manager.pv@tomsushi.co.id','$2y$09$gT8RgUZK92hLsmgz6OpHxumMYWY.aSUNWDZN0JEd7Yf2g/a8aNhCG','Tom Sushi Pluit Village','manager.pv@tomsushi.co.id',120,0,24,00000000,0,'',1,NULL),
(6706,'manager.smb','$2y$09$08d497BaJBwhzzLIvDWBJuP3RbtI6fVewXvDlgZ3wrN8oBc3EaaYm','MOD Summarecon Bekasi','manager.sb@sushitei.co.id',14,0,15,00000000,0,'',1,NULL),
(6707,'manager.sency','$2y$09$6foop3T9.Yy9Z3BRWw4XUeBN5q6DWO2C9Bj995HEAnLLnLGBuY0Je','MOD Senayan City','manager.senci@sushitei.co.id',4,0,15,00000000,0,'',1,NULL),
(6708,'manager.sms','$2y$09$Tq6J11b5eKcVDoxuQonAYO2Qq/A30b3BZtDZGzym1ac3eS9pqKMQG','MOD Summarecon Serpong','manager.sms@sushitei.co.id',18,0,15,00000000,0,'',1,NULL),
(6709,'manager.tb','$2y$09$jJuRznizjcVfdLfh9jN0lOeU1jhUmxvCBamLdmSOHYykbJudFGIJ2','MOD The Breeze','manager.tb@sushitei.co.id',16,0,15,00000000,0,'',1,NULL),
(6710,'manager.tsc','$2y$09$xxAuX1AHmwOkLY72JuaM0u7PHaVmQyUIbpDASqCNG.zollGy7GTB2','MOD Trans Studio Cibubur','manager.tsc@sushitei.co.id',126,0,15,00000000,0,'',1,NULL),
(6711,'mega','$2y$09$1wKv7S9l3x0Z1toEYY.mXeoK/wmI6nIZNIz9A5OlItZDK5i2C2bHm','mega','mega@sushitei.co.id',99,3,4,00000000,1,'PI',1,NULL),
(6712,'RifqiAlwafi','$2y$09$E47gtSyQ31d8HTpSHNtI/eD4dJFi2QJDJwz5WagcEA6WO/8fQ7oLK','Rifqi Alwafi','mkt_sk@sushi-kiosk.com',99,0,4,00000000,3,'Budi',1,NULL),
(6713,'heriherman','$2y$09$qo8B7qYIN.9x0D.vPAQNlOz7fn0j4wYXYc06UXKVTjT0mb3/Hnq.O','Heri Hermansyah','mrp.helpdesk@sushitei.co.id',99,0,16,00000000,0,'',1,NULL),
(6714,'mrp.spv@sushitei.co.id','$2y$09$LqqwsWd1Z/hHT/xd8vsl..iraUxnOsiyPcZWVHs7eyMTKTOS03FG.','Rudi','mrp.spv@sushitei.co.id',99,0,5,00000000,0,'',1,NULL),
(6715,'admin.mrp1','$2y$09$UuMIlJcfxWd8ElhUt5PG0.t2v3fnNaiatCHE4bZ6d0CkqOV8Xo0hy','Admin MRP','mrp1.jkt@sushitei.co.id',99,16,5,00000000,0,'',1,NULL),
(6716,'admin.mrp2','$2y$09$weMFGyBCb7FMY/rUl6jiz.QmGL0.ooGIC4ppGGFnrQuYrR9vZt7iO','Rudi (MRP-2)','mrp2.jkt@sushitei.co.id',99,16,5,00000000,0,'',1,NULL),
(6717,'ppfbspv2@sushitei.co.id','$2y$09$jAyYi5vLYmiSr2lpqbeVhemzYjSnuwNjBGEoFQjyzXHD1Szy.c0EG','Nurvenda Lafian','ppfbspv2@sushitei.co.id',99,0,28,00000000,3,'nunung',1,NULL),
(6718,'fahmi','$2y$09$QVCzlwdHZPc1G15ut8w.x.NU3JJ2JuVW5yOe5BOdRSVG8sE/yk14a','fahmi','ppfbspv@sushitei.co.id',99,0,14,00000000,2,'amy',1,NULL),
(6719,'purchteam.jkt@sushitei.co.id','$2y$09$k/Xr7TwC.wvgqfPjiE6DkesnRmS5Xl2Y/uF7yRdrKXf0Te0NRbDB6','Purchasing Team','purchteam.jkt@sushitei.co.id',99,22,23,00000000,0,'',1,NULL),
(6720,'puriindahmall@sushi-kiosk.com','$2y$09$upHWCk4Iu19QGgcehXo7juQTcgWH8ogshPwqbDGYJEjh.B1J8QUJq','Sushi Kiosk Puri','puriindahmall@sushi-kiosk.com',100,0,25,00000000,0,'',1,NULL),
(6721,'qa.spv4@sushitei.co.id','$2y$09$l88loFG5ilCNbWEZDSslDODFuSGaeJZW5XF2lR5W2C0ERsezboMFK','Dhini','qa.spv4@sushitei.co.id',99,24,29,00000000,0,'',1,NULL),
(6722,'qa.spv@sushitei.co.id','$2y$09$nrSoQb4dtIJLe5TnBKV5huP6egDF2OST7llUWZ3XjORuF9gZKQFhe','Virga','qa.spv@sushitei.co.id',99,24,29,00000000,0,'',1,NULL),
(6723,'qa1.jkt@sushitei.co.id','$2y$09$nN5Zofs66v9QeSHfwqB/le.JFnQOvPkSwWZ4FsP5C27x7cIgEKZ4C','Cholil','qa1.jkt@sushitei.co.id',99,0,29,00000000,0,'',1,NULL),
(6724,'qa4.jkt@sushitei.co.id','$2y$09$vlEvxq3L2aKWaNq7tTBxMux41UQLGF2tK7HgcqzJgPMqKUdGUM2.i','Yonas','qa4.jkt@sushitei.co.id',99,0,29,00000000,0,'',1,NULL),
(6725,'qa6.jkt@sushitei.co.id','$2y$09$VwtRmnM7wixx0C78JX3Cfeo64DYWhxcojj3W7DE9h.oMchnooUDDW','Audie','qa6.jkt@sushitei.co.id',99,0,29,00000000,1,'HO',1,NULL),
(6726,'qa7.jkt@sushitei.co.id','$2y$09$vTxddy.YeRqpE.DWKwF8/uUSea0RuqlgyTiqHVwiNEFMeNWtRsOXG','Detty','qa7.jkt@sushitei.co.id',99,0,29,00000000,0,'',1,NULL),
(6727,'rizal@sushitei.co.id','$2y$09$CW32FW8wMP6451LMcrpaQO0muxGjW/M1g4ViOkaJLbX.tT.HYTXTa','Rizal','rizal@sushitei.co.id',99,6,23,00000000,0,'',1,NULL),
(6728,'spv.it.bali@sushitei.co.id','$2y$09$8Gah7SpxgckwEFkqc48GV.9QpDEMeXqEKuf/qK2Y73yzgbhO9.N1q','Sushi Tei Bali','spv.it.bali@sushitei.co.id',111,0,21,00000000,1,'bali',1,NULL),
(6729,'st.bx','$2y$09$aHnIf/pgSwXhovWwYMrK6OQ0hFxebk9Bb3HaU9xDZGb2a73a28ny6','ST BX','st.bx@sushitei.co.id',15,0,19,00000000,0,'',1,NULL),
(6730,'st.cp','$2y$09$Mf3W04U7RrNk4oyRnoUCFuCX41xAUpqlBHcMlZbRcLPRQPYZiZh.q','ST CP','st.cp@sushitei.co.id',7,0,19,00000000,0,'',1,NULL),
(6731,'st.cwk','$2y$09$0vKRPtDmn4MtsbVooz/Evu.1goBUI/Q43KTvmM3JWNmLI.99FcgRq','ST CWK','st.cwk@sushitei.co.id',113,0,19,00000000,0,'',1,NULL),
(6732,'st.ep','$2y$09$cR3jfienqG8SDPpcGjwL2uxfic8MtnmjY0X7aEcpYZdjnDQF6jWHO','ST EP ','st.ep@sushitei.co.id',6,0,19,00000000,0,'',1,NULL),
(6733,'st.fs','$2y$09$KEvNqNhpOJvH7wKxjfTJB.jzebJSf7mquNd9vxrTXkLhomBOwtPPS','ST FS','st.fs@sushitei.co.id',9,0,19,00000000,0,'',1,NULL),
(6734,'st.gc','$2y$09$06RPWYlavbwZ5lc2HNq61uguLWrdLdXTpbDAU1Kc9/s1aIPXEl95G','ST GC','st.gc@sushitei.co.id',8,0,19,00000000,0,'',1,NULL),
(6735,'st.gi','$2y$09$xnzTScXdEqXvFf2gVHju4ORJ.EPMpoKSXBmsTKIkPULs1lxghiNbW','ST GI','st.gi@sushitei.co.id',11,0,19,00000000,0,'',1,NULL),
(6736,'st.karawaci','$2y$09$8FNx24UKEZ.X5bi35eHDcOdmijmfyNYqfoFP.xFfVdjFrQ9R1KJyO','ST Karawaci','st.karawaci@sushitei.co.id',10,0,19,00000000,0,'',1,NULL),
(6737,'st.kk','$2y$09$In1ho0T2pyZW3CGUbUT/UOi/EBajXSvW/dFYJ264tBRUhscFt1uhm','ST KK','st.kk@sushitei.co.id',13,0,19,00000000,0,'',1,NULL),
(6738,'st.kv','$2y$09$bEmtWJKMAgjgYz4jXegOouxdgNl1dFmyVKgpxZmb5/toM8OqVzZ5e','ST KV','st.kv@sushitei.co.id',108,0,19,00000000,0,'',1,NULL),
(6739,'st.la','$2y$09$1GcvqPOnYJt6dxR3QEKZmOGmvGjTYKuMnwIlEZTi99ojJMzDC.Y0C','ST LA','st.la@sushitei.co.id',12,0,19,00000000,0,'',1,NULL),
(6740,'st.mc','$2y$09$CrDLI1Jh8z4UIx0ydViTQeoFxXekWeXMvocG8.i6q58Aa6Exg4iWG','ST MC','st.mc@sushitei.co.id',109,0,19,00000000,0,'',1,NULL),
(6741,'st.mcc','$2y$09$C0jXnkBUgfx83YUS6s8iGuZJniT0XyCvS42dSTN4fEUzu7WmzjiuG','ST MCC','st.mcc@sushitei.co.id',114,0,19,00000000,0,'',1,NULL),
(6742,'st.mkg','$2y$09$MmIJAhYgGB0i1PUYGSnY9e0kSxi1FRMYysVVZC26.LZhOGgDKThIa','ST MKG','st.mkg@sushitei.co.id',5,0,19,00000000,0,'',1,NULL),
(6743,'st.pi','$2y$09$DHsn1.Xh1KmkZs1ZSvgKRevYjP/wrKFvNLWdDUDI0e7ERJRnC8H52','ST PI ','st.pi@sushitei.co.id',1,0,19,00000000,0,'',1,NULL),
(6744,'st.pim','$2y$09$bWWYnqdCsByejw/Svc/V5ehKmgFYk3A9Y9LWGT8ZFy4ScdYORcHsW','ST PIM','st.pim@sushitei.co.id',3,0,19,00000000,0,'',1,NULL),
(6745,'st.pm','$2y$09$JREa7yxm2lP5QUC4SLb5a.7VDEnslKa0h/6JnHpFP6n2lDN9Qexde','ST PM','st.pm@sushitei.co.id',17,0,19,00000000,0,'',1,NULL),
(6746,'st.pp','$2y$09$DhBkjlNBdOQ.lPA4ybgzBenU.q8qp/8bldz4TYt.Hk5NigJP2m/j.','ST Pacific Place','st.pp@sushitei.co.id',123,0,19,00000000,0,'',1,NULL),
(6747,'st.ps','$2y$09$/obqILi2dvQIs3gydco3OO6yj8KClZ0r2ZyYg8ElV9QdlHkCFopnC','ST PS','st.ps@sushitei.co.id',2,0,19,00000000,0,'',1,NULL),
(6748,'st.sb','$2y$09$8BnJqNy5MtGWfhX9S9x0/eVLo9GDE0TQA5JnVNlvU6BGr/iP0fJ.O','ST SMB','st.sb@sushitei.co.id',14,0,19,00000000,0,'',1,NULL),
(6749,'st.senci','$2y$09$bCFM8f0Um1r8/ao6dpbAQu9G4cgHedn/i6kSjkVR9hckAF1nlaTUq','ST SC','st.senci@sushitei.co.id',4,0,19,00000000,0,'',1,NULL),
(6750,'st.sms','$2y$09$Q5A6rdYk5KAt5vtthmbORe2oqaSJXVng5b1tliTrXh5y00gwvU2qu','ST SMS','st.sms@sushitei.co.id',18,0,19,00000000,0,'',1,NULL),
(6751,'st.tb','$2y$09$VerPdU/Izn7NNG4uPIJnMuFjSGEvPWJq1hLzT9YK82b8vS4DuTKR6','ST TB','st.tb@sushitei.co.id',16,0,19,00000000,0,'',1,NULL),
(6752,'st.tsc','$2y$09$3nL8S56FelLsiBVtq1..c.5EJ0wcu/Mw5m2AmnWabv8QZJSXoD6pG','Sushi Tei Trans Studio Cibubur','st.tsc@sushitei.co.id',125,0,19,00000000,0,'',1,NULL),
(6753,'theresia','$2y$09$179n5U1fTh2uKstlGW2ihu2NbANIM6RVbOFKXLvQgJ0.jyjHxJ/.K','theresia','theresia@sushitei.co.id',99,0,4,00000000,1,'tereaja',1,NULL),
(6754,'Toya','$2y$09$ycPnne9w/UhNxvYM.PIkuuq1fiVXzGXpiDdVfbGA9YsPTxlaw8Z9O','Toya San','toya@sushitei.co.id',99,10,4,00000000,1,'teh tarik',1,NULL),
(6755,'training2.jkt@sushitei.co.id','$2y$09$GUc5bkvnQJa51x4taMFwzu9wdEjrUKAguMsGrGO4eN.ssYOVt..T2','Nandi Setiadi','training2.jkt@sushitei.co.id',99,25,18,00000000,2,'nandi',1,NULL),
(6756,'admintsmi','$2y$09$mD9/QJ3.q9mwkJhxK2IhjeK8XMhxYLRon/EXMQ364vqXLejknW.eK','TS MOI','ts.moi@tomsushi.co.id',118,0,4,00000000,1,'EP',1,NULL),
(6757,'wahyuni','$2y$09$ngOR4s/8pxNBTQyUk5DuqeUBxU8W8UqpMF0hNMmRBqKgjUCIFTc1G','Wahyuni','wahyuni@sushitei.co.id',99,18,7,00000000,0,'',1,NULL),
(6758,'warehouse.pqnc','$2y$09$o5sHRmJ3U6ghQU3XXrhCle6.JbO6zFToMFTTrcso6rd4e6jP.w1gq','Warehouse','warehouse.jkt@sushitei.co.id',107,0,20,00000000,0,'',1,NULL),
(6759,'yulis@sushitei.co.id','$2y$09$/3LVS5PSl43bUJ/QSBl4buNVnDZKNp6Zrd/f.daC/IWs779mqORdi','Yulis Setialianny Eka','yulis@sushitei.co.id',99,18,7,00000000,3,'saripah',1,NULL),
(6768,'Novita','$2y$09$Dz.1EwrtFbcFk2CjnhzJaeoEyJwJFU.PY2B2Z386rYCaAma2o6SGy','Koperasi Berkat','adm.kopber@gmail.com',1,26,7,00000000,2,'mpie',1,NULL),
(6769,'ritasariatun','$2y$09$fFOgwWCuG1zbJKqxBNnwt.rQwWdwA9MKEaLN2OSa5aqcBgMtKzkJO','Rita Sari Atun','isa4.jkt@sushitei.co.id',1,11,7,00000000,3,'sutirah',1,NULL),
(6770,'michiko','$2y$09$kspg76ffy/KutFvyBVlgLuEBviUkFyj.GazUrTXsmnLLBY3rMv4RO','Michiko','michiko@sushitei.co.id',1,15,7,00000000,4,'sushi',1,NULL),
(6771,'purchteam','$2y$09$7feizRtRKThRfGguulIbkephBKR73acScSd/xsr//kxMpTBFdcdUC','puchteam','p.putra@sushitei.co.id',1,22,7,00000000,1,'HO',1,NULL),
(6772,'Meiwita','$2y$09$Al/O.SaWYhn9ln5PZ/kaOuOd6uMoKIWey8QfDFP64xA2g7bbSkCFG','Mei wita Panjaitan','personnel.spv@sushitei.co.id',1,9,7,00000000,3,'Merry Tampubolon',1,NULL),
(6773,'tika','$2y$09$PHfudv.YYxG26C9s.N9ywO2Bw8YDBS2WhthXtt01rhkPdvwvJyTem','Tika Zainaf karbelan','recruitment1.jkt@sushitei.co.id',1,25,7,00000000,1,'head office',1,NULL),
(6774,'rinta','$2y$09$8O2HSXebK7otwq5QIGpnvO8dp7PxuBtGAqyfH.jOrifC4c2K9ilv6','Rientha Aryanie','recruitment2.jkt@sushitei.co.id',1,25,7,00000000,4,'sushi',1,NULL),
(6775,'Latifa','$2y$09$aiNNECzspfLgeKoDg65UmuMt2wK3qD2cqJ/c1ni9C9h3mtLvk/O76','Latifa Dinar','recruitment3.jkt@sushitei.co.id',1,25,7,00000000,1,'training',1,NULL),
(6776,'sigit','$2y$09$5LUAWXzybnhppQ9cGm06De3jdVyuVH5lJSgJAepqgLwRS6jBa85Zi','sigit pebriantoro','sigit@sushitei.co.id',1,7,7,00000000,1,'Plaza Indonesia',1,NULL),
(6777,'yulia','$2y$09$tRx0RUZtW6LSensXm9ii8OVj96mq9wXvHbxQjZlucMCUSfsPg6Lg.','yulia','training3.jkt@sushitei.co.id',1,13,18,00000000,2,'lia',1,NULL),
(6778,'vera.kusliawan@sushitei.co.id','$2y$09$EvoSNUHCk6BtV8QX.1GXUu2u7O4HJNSAwgSqkB6dikmHvS/hrGMZW','vera','vera.kusliawan@sushitei.co.id',99,19,28,00000000,1,'HO',1,NULL),
(6779,'Yuliana','$2y$09$.AzMyQMgUQ/1s28wTxACXeLmJnlIONLLqVnCT02rNflHSvapKqyH2','Yuliana Sutanto','yuliana@sushitei.co.id',1,25,7,00000000,1,'PS',1,NULL),
(6784,'ga3.jkt@sushitei.co.id','$2y$09$06tZE3QH4yq4qMtN0FQLIOGx3FrnDBj6XhJVlq14elREC96/hCe9u','Bima','ga3.jkt@sushitei.co.id',99,0,11,00000000,0,'',1,NULL),
(6785,'hengky@sushitei.co.id','$2y$09$XPW2/nI8ZL.fjKwcdD3theDz57t/evqD4hHAuoyxeEIT9M.vU3mEu','Henky','hengky@sushitei.co.id',99,0,23,00000000,0,'',1,NULL),
(6786,'henky@sushitei.co.id','$2y$09$vsgIpAMZiUCUVYtOyonVleDVRIZ8qL2jBhvMWiptbmCiaok1c/cra','Henky Pho','henky@sushitei.co.id',99,8,4,00000000,0,'',1,NULL),
(6788,'indri@sushitei.co.id','$2y$09$BWKJnwN7x1sDECYmTEsFNeDqCbDYoJZPJg5a8QAuzz9XSkfC92XL.','Indri','indri@sushitei.co.id',99,9,4,00000000,1,'No',1,NULL),
(6789,'putra@sushi-kiosk.com','','putra@sushi-kiosk.com','putra@sushi-kiosk.com',99,1,4,00818273,1,'',1,NULL),
(6790,'training.spv1@sushitei.co.id','','training.spv1@sushitei.co.id','training.spv1@sushitei.co.id',99,1,4,00012495,1,'1',1,NULL),
(6791,'trisepti83@gmail.com','$2y$09$jJ1p9.X6OJVx7ly7hL.17uVwyKgqsK4VhK0GHAQznMjF2NpIETEde','Trisepti','trisepti83@gmail.com',99,4,4,00000322,1,'1',1,NULL),
(6792,'yuli.ratna@sushitei.co.id','','yuli.ratna@sushitei.co.id','yuli.ratna@sushitei.co.id',99,7,4,00863920,1,'1',1,NULL),
(6793,'yulianawhitz@gmail.com','','yulianawhitz@gmail.com','yulianawhitz@gmail.com',99,1,4,00018374,1,'1',1,NULL),
(6795,'isa1.jkt@sushitei.co.id','$2y$09$fApF/yfjFBo8ReerazXfbuN.o3Fapvw4KLbcJHdzNn5mBBj9XuC9W','Puji','isa1.jkt@sushitei.co.id',99,11,7,00000000,0,'',1,NULL),
(6796,'analyst.spv@sushitei.co.id','$2y$09$xDo12MXw1RpoFVTc768pcewsv3lUi3RKmdbhszMadxx4xtg7Zvudq','Bernard','analyst.spv@sushitei.co.id',99,0,4,00000000,0,'',1,NULL),
(6797,'admin_it@test.com','$2y$09$pK5JBgyjkall3dgNOprfKOWaZCQ4UqSkGPVQCnfesX0iOIotgqz9S','Admin IT Test','admin_it@test.com',99,0,7,00000000,0,'',1,NULL),
(6798,'oktavianus@sushitei.co.id','$2y$09$ImjfZ9agV/9NSXkBak4jcuRAy0ebKHLlpDyNxk7As7EZTb5UVJkOq','Oktavianus','oktavianus@sushitei.co.id',99,0,28,00000000,0,'',1,NULL),
(6799,'manager.dm@tomsushi.co.id','$2y$09$7ViC4HuSfN774W5vVqHolu/41Pzo/swqGzagMijMm7f3Eg64yGtwS','Tom Sushi Dmall','manager.dm@tomsushi.co.id',121,0,24,00000000,0,'',1,NULL),
(6800,'thubagus@sushitei.co.id','$2y$09$5dFopL0wlzgoKkBSgIUaXev0oB.FyMiZ24Nj6rwAI51xylUWlaOjC','Thubagus','thubagus@sushitei.co.id',99,0,7,00000000,0,'',1,NULL),
(6801,'nova@sushitei.co.id','$2y$09$83W1ghgzVJ3f4YR9HgxPE.uwEYJ2QQq.ddu6v0aovLRW4GprbYfsO','Nova','nova@sushitei.co.id',99,0,4,00000000,0,'',1,NULL),
(6802,'fbspv3@sushitei.co.id','$2y$09$dmRxRwiazjaGq4.k5G0Jp.U8BxqWFCiGGs1g2KrU7SJ7uJ8U..Mva','FB SPV 3','fbspv3@sushitei.co.id',99,0,28,00000000,0,'',1,NULL),
(6803,'manager.pim@tomsushi.co.id','$2y$09$XeBO153m1UD0JAiHaTiKQeFP67wYCx.YG6P1U.vciqvH3Vyoahv/C','MOD Tom Sushi PIM','manager.pim@tomsushi.co.id',122,0,24,00000000,0,'',1,NULL),
(6804,'rahmat.sams77@gmail.com','$2y$09$M2pECco2D/gfzCWX823io.wr03AS.H/OqrOSWvKCRichUjPUQ6.NC','rahmat2','rahmat.sams77@gmail.com',108,0,15,00000000,0,'',1,NULL),
(6805,'qa3.jkt@sushitei.co.id','$2y$09$NIzpocsKBrq0NDzOoeFpculABs5LTOuSfbpaRvPsKplaeEZp561oa','Angga','qa3.jkt@sushitei.co.id',99,0,29,00000000,0,'',1,NULL),
(6806,'qa2.jkt@sushitei.co.id','$2y$09$pDF.RP4qrJ0UllbKu7TQ7OSUqjO.myZxw3uU8F.bU6ZT/SSfW2DLm','Asoka','qa2.jkt@sushitei.co.id',99,0,29,00000000,0,'',1,NULL),
(6807,'accounting5.jkt@sushitei.co.id','$2y$09$Sua3CkVEVOLTLI1RlITAFeVt/akaKDFiDgC2RKPakMSVgkosy/WI2','Martina Purba','accounting5.jkt@sushitei.co.id',99,0,4,00000000,0,'',1,NULL),
(6808,'kahi@sushitei.co.id','$2y$09$niqTltdGnKtFpfTuP7tRS.hmvnHj4fwV7imlQ/VNqDj1dgjt75o66','KAHI','kahi@sushitei.co.id',99,0,27,00000000,0,'',1,NULL),
(6812,'kasro@sushitei.co.id','$2y$09$3bPhxC2DY/KFzig1vIus/uKF6Q0iLII0HgTIZH8eBQl.2jIlq042e','Kasro','kasro@sushitei.co.id',99,0,4,00000000,0,'',1,NULL),
(6813,'bizdev@sushitei.co.id','$2y$09$9w.q2wpHG1mu4pkhiWXlD.fhZbF.yjCJUy5d0IVNc4T4yYVx9iCcG','Liana','bizdev@sushitei.co.id',99,0,4,00000000,0,'',1,NULL),
(6815,'talent.spv@sushitei.co.id','$2y$09$znDuiqypf14AxtvHtXvya.D3J7lGPoNMfpxYMaMDLQ4.xhqLtclhO','Achmad Farizki','talent.spv@sushitei.co.id',99,0,18,00000000,0,'',1,NULL),
(6817,'purchasing.pqnc','','Purchasing','purchteam.jkt@sushitei.co.id',99,0,9,00000000,0,'',0,NULL),
(6818,'fnb.pqnc','','FNB','m.chandra@sushitei.co.id',99,0,9,00000000,0,'',0,NULL),
(6819,'other.pqnc','','Other','',99,0,9,00000000,0,'',0,NULL),
(6820,'senior.bartender@sushitei.co.id','$2y$09$FEgc3KKziUHvEUouW7aktOUG/wvcOZT0r4pkNrtCgSWzfMFR9ZXma','Senior Bartender','senior.bartender@sushitei.co.id',99,0,28,00000000,0,'',1,NULL),
(6821,'marketing@tomsushi.co.id','$2y$09$lpE0gfiV.QuuBNiqmX38vOouWy4N6FWgiftw9yQQ0tGhZAJWi2kGC','Tom Sushi','marketing@tomsushi.co.id',99,0,7,00000000,0,'',1,NULL),
(6822,'mkt1.jkt@sushitei.co.id','$2y$09$jVnm1nZmHcXRPS/dEOX57eh4n6ZFeq7zf4pFJHNYBBUL.6jmHnq0m','Nuy','mkt1.jkt@sushitei.co.id',99,0,7,00000000,0,'',1,NULL),
(6823,'costcontrol2.jkt@sushitei.co.id','$2y$09$GztcoRzOyqH6FHRdqGE/9eKzL2y3MZGOazj8Kwr5lMdnmoO6fEYvO','Martha Maulima','costcontrol2.jkt@sushitei.co.id',99,0,7,00000000,0,'',1,NULL);

/*Table structure for table `role_permission` */

DROP TABLE IF EXISTS `role_permission`;

CREATE TABLE `role_permission` (
  `role` smallint(5) DEFAULT NULL,
  `permission` mediumint(6) DEFAULT NULL,
  `last_update` timestamp NULL DEFAULT NULL ON UPDATE CURRENT_TIMESTAMP
) ENGINE=InnoDB DEFAULT CHARSET=utf8mb4;

/*Data for the table `role_permission` */

insert  into `role_permission`(`role`,`permission`,`last_update`) values 
(4,6,NULL),
(4,8,NULL),
(4,14,NULL),
(4,15,NULL),
(4,17,NULL),
(21,6,NULL),
(0,6,NULL),
(0,14,NULL),
(0,15,NULL),
(0,31,NULL),
(0,32,NULL),
(0,30,NULL),
(20,6,NULL),
(20,8,NULL),
(20,14,NULL),
(20,15,NULL),
(20,31,NULL),
(20,32,NULL),
(20,30,NULL),
(20,38,NULL),
(15,6,NULL),
(15,14,NULL),
(15,31,NULL),
(15,32,NULL),
(15,16,NULL),
(15,39,NULL),
(24,6,NULL),
(24,14,NULL),
(24,31,NULL),
(24,32,NULL),
(24,39,NULL),
(25,6,NULL),
(25,14,NULL),
(25,31,NULL),
(25,32,NULL),
(25,16,NULL),
(25,39,NULL),
(2,2,NULL),
(2,3,NULL),
(2,7,NULL),
(2,12,NULL),
(2,4,NULL),
(2,6,NULL),
(2,8,NULL),
(2,13,NULL),
(2,14,NULL),
(2,15,NULL),
(2,31,NULL),
(2,32,NULL),
(2,16,NULL),
(2,17,NULL),
(2,33,NULL),
(2,34,NULL),
(2,39,NULL),
(2,40,NULL),
(8,33,NULL),
(26,6,NULL),
(26,8,NULL),
(26,14,NULL),
(26,15,NULL),
(26,17,NULL),
(26,39,NULL),
(26,40,NULL),
(26,41,NULL),
(1,2,NULL),
(1,3,NULL),
(1,7,NULL),
(1,12,NULL),
(1,4,NULL),
(1,6,NULL),
(1,23,NULL),
(1,21,NULL),
(1,8,NULL),
(1,13,NULL),
(1,14,NULL),
(1,18,NULL),
(1,15,NULL),
(1,24,NULL),
(1,31,NULL),
(1,29,NULL),
(1,32,NULL),
(1,30,NULL),
(1,16,NULL),
(1,26,NULL),
(1,17,NULL),
(1,27,NULL),
(1,33,NULL),
(1,34,NULL),
(1,42,NULL),
(1,39,NULL),
(1,40,NULL),
(1,43,NULL),
(31,6,NULL),
(31,23,NULL),
(31,8,NULL),
(31,14,NULL),
(31,18,NULL),
(31,15,NULL),
(31,24,NULL),
(31,31,NULL),
(31,29,NULL),
(31,32,NULL),
(31,30,NULL),
(31,17,NULL),
(31,33,NULL),
(31,42,NULL),
(31,44,NULL),
(31,39,NULL),
(31,40,NULL),
(18,6,NULL),
(18,8,NULL),
(18,13,NULL),
(18,20,NULL),
(18,14,NULL),
(18,15,NULL),
(18,17,NULL),
(18,39,NULL),
(28,6,NULL),
(28,8,NULL),
(28,14,NULL),
(28,15,NULL),
(28,17,NULL),
(28,33,NULL),
(28,42,NULL),
(28,44,NULL),
(28,39,NULL),
(11,6,NULL),
(11,8,NULL),
(11,15,NULL),
(11,24,NULL),
(11,22,NULL),
(11,17,NULL),
(11,27,NULL),
(11,28,NULL),
(11,39,NULL),
(10,2,NULL),
(10,4,NULL),
(10,6,NULL),
(10,23,NULL),
(10,21,NULL),
(10,8,NULL),
(10,13,NULL),
(10,14,NULL),
(10,15,NULL),
(10,17,NULL),
(10,33,NULL),
(10,34,NULL),
(10,39,NULL),
(5,6,NULL),
(5,8,NULL),
(5,14,NULL),
(5,18,NULL),
(5,25,NULL),
(5,15,NULL),
(5,17,NULL),
(5,39,NULL),
(14,6,NULL),
(14,8,NULL),
(14,14,NULL),
(14,15,NULL),
(14,31,NULL),
(14,29,NULL),
(14,17,NULL),
(14,39,NULL),
(29,6,NULL),
(29,8,NULL),
(29,31,NULL),
(29,29,NULL),
(29,35,NULL),
(29,37,NULL),
(29,16,NULL),
(29,26,NULL),
(29,17,NULL),
(29,33,NULL),
(29,42,NULL),
(29,46,NULL),
(29,39,NULL),
(12,6,NULL),
(12,14,NULL),
(12,31,NULL),
(12,32,NULL),
(12,30,NULL),
(12,36,NULL),
(12,16,NULL),
(12,39,NULL),
(7,6,NULL),
(7,23,NULL),
(7,8,NULL),
(7,13,NULL),
(7,14,NULL),
(7,18,NULL),
(7,15,NULL),
(7,24,NULL),
(7,31,NULL),
(7,29,NULL),
(7,32,NULL),
(7,30,NULL),
(7,16,NULL),
(7,26,NULL),
(7,17,NULL),
(7,27,NULL),
(7,39,NULL),
(6,6,NULL),
(6,23,NULL),
(6,14,NULL),
(6,18,NULL),
(6,39,NULL),
(23,6,NULL),
(23,8,NULL),
(23,14,NULL),
(23,15,NULL),
(23,31,NULL),
(23,32,NULL),
(23,30,NULL),
(23,36,NULL),
(23,38,NULL),
(23,17,NULL),
(23,33,NULL),
(23,34,NULL),
(23,42,NULL),
(23,45,NULL),
(23,39,NULL),
(9,6,NULL),
(9,14,NULL),
(9,15,NULL),
(9,31,NULL),
(9,29,NULL),
(9,37,NULL),
(9,39,NULL),
(13,6,NULL),
(13,8,NULL),
(13,14,NULL),
(13,15,NULL),
(13,31,NULL),
(13,32,NULL),
(13,30,NULL),
(13,36,NULL),
(13,38,NULL),
(13,39,NULL),
(3,14,NULL),
(3,39,NULL),
(27,6,NULL),
(27,8,NULL),
(27,14,NULL),
(27,15,NULL),
(27,31,NULL),
(27,17,NULL),
(27,33,NULL),
(27,42,NULL),
(27,47,NULL),
(27,39,NULL),
(19,6,NULL),
(19,31,NULL),
(19,32,NULL),
(19,39,NULL),
(30,6,NULL),
(30,14,NULL),
(30,31,NULL),
(30,35,NULL),
(30,32,NULL),
(30,30,NULL),
(30,36,NULL),
(30,16,NULL),
(30,39,NULL),
(22,6,NULL),
(22,14,NULL),
(22,31,NULL),
(22,29,NULL),
(22,37,NULL),
(22,32,NULL),
(22,30,NULL),
(22,36,NULL),
(22,38,NULL),
(22,17,NULL),
(22,39,NULL);

/*Table structure for table `staff_department` */

DROP TABLE IF EXISTS `staff_department`;

CREATE TABLE `staff_department` (
  `department_id` int(11) unsigned NOT NULL AUTO_INCREMENT,
  `department_name` varchar(50) CHARACTER SET latin1 NOT NULL,
  `gm_position` varchar(50) CHARACTER SET latin1 NOT NULL,
  `gm_name` varchar(50) CHARACTER SET latin1 NOT NULL,
  `gm_email` varchar(50) CHARACTER SET latin1 NOT NULL,
  `department_status` tinyint(1) NOT NULL,
  PRIMARY KEY (`department_id`)
) ENGINE=InnoDB AUTO_INCREMENT=27 DEFAULT CHARSET=utf8mb4;

/*Data for the table `staff_department` */

insert  into `staff_department`(`department_id`,`department_name`,`gm_position`,`gm_name`,`gm_email`,`department_status`) values 
(3,'FAT Departement','GM Admin','Luciana Jinardi Jie','luciana@sushitei.co.id',1),
(4,'CK Departement','AGM Inventory Management','Ferita Deasy Cristina Panjaitan','deasy@sushitei.co.id',1),
(5,'FBV SK Departement','AGM Operation TS&SK','Vera Kusliawan','vera.kusliawan@sushitei.co.id',1),
(6,'FBV ST Departement','AGM Operation ST','Muhammad Rizal','rizal@sushitei.co.id',1),
(7,'FBV TS DEPARTEMENT','AGM Operation TS&SK','Vera Kusliawan','vera.kusliawan@sushitei.co.id',1),
(8,'GA DEPARTEMENT','GM People&Inventory Management','Henky','henky@sushitei.co.id',1),
(9,'HRD Departement','GM People&Inventory Management','Henky','henky@sushitei.co.id',1),
(10,'IAD Departement','GM Admin','Luciana Jinardi Jie','luciana@sushitei.co.id',1),
(11,'ISA Departement','AGM Inventory Management','Ferita Deasy Cristina Panjaitan','deasy@sushitei.co.id',1),
(12,'IT Departement','GM Admin','Luciana Jinardi Jie','luciana@sushitei.co.id',1),
(14,'Legal Departement','GM People&Inventory Management','Henky','henky@sushitei.co.id',1),
(15,'MKT Departement','GM Operation','','',1),
(16,'MRP Departement','GM Operation','','',1),
(17,'OPR SK Departement','AGM Operation TS&SK','Vera Kusliawan','vera.kusliawan@sushitei.co.id',1),
(18,'OPR ST Departement','AGM Operation ST','Muhammad Rizal','rizal@sushitei.co.id',1),
(19,'OPR TS Departement','AGM Operation TS&SK','Vera Kusliawan','vera.kusliawan@sushitei.co.id',1),
(20,'FBV ST Departement','AGM Operation ST','Muhammad Rizal','rizal@sushitei.co.id',1),
(21,'OPR ST Departement','AGM Operation ST','Muhammad Rizal','rizal@sushitei.co.id',1),
(22,'PNI Departement','AGM Inventory Management','Ferita Deasy Cristina Panjaitan','deasy@sushitei.co.id',1),
(23,'ICW Departement','AGM Inventory Management','Ferita Deasy Cristina Panjaitan','deasy@sushitei.co.id',1),
(24,'QAS Departement','AGM Inventory Management','Ferita Deasy Cristina Panjaitan','deasy@sushitei.co.id',1),
(25,'LND Departement','GM People&Inventory Management','Henky','training2.jkt@sushitei.co.id',1),
(26,'Koperasi Berkat','GM People&Inventory Management','Eva','ketua.kopber@gmail.com',1);

/*Table structure for table `store_location` */

DROP TABLE IF EXISTS `store_location`;

CREATE TABLE `store_location` (
  `location_id` smallint(3) unsigned NOT NULL AUTO_INCREMENT,
  `location_name` varchar(30) CHARACTER SET utf8 NOT NULL,
  `location_status` tinyint(1) unsigned NOT NULL,
  PRIMARY KEY (`location_id`)
) ENGINE=InnoDB AUTO_INCREMENT=16 DEFAULT CHARSET=utf8mb4;

/*Data for the table `store_location` */

insert  into `store_location`(`location_id`,`location_name`,`location_status`) values 
(1,'Jakarta',1),
(2,'Surabaya',1),
(3,'Makasar',1),
(4,'Palembang',1),
(5,'Bali',1),
(6,'Bandung',1),
(7,'Jogja',1),
(8,'Medan',1),
(9,'Pekan Baru',1),
(10,'Batam',1),
(11,'Bengkulu',1),
(12,'Tom Sushi Jakarta',1),
(13,'Tom Sushi Palembang',1),
(14,'Sushi Kiosk',1),
(15,'Other',1);

/*Table structure for table `store_type` */

DROP TABLE IF EXISTS `store_type`;

CREATE TABLE `store_type` (
  `type_id` smallint(5) unsigned NOT NULL AUTO_INCREMENT,
  `type_name` varchar(50) NOT NULL,
  `type_status` tinyint(1) NOT NULL,
  PRIMARY KEY (`type_id`)
) ENGINE=InnoDB AUTO_INCREMENT=4 DEFAULT CHARSET=utf8mb4;

/*Data for the table `store_type` */

insert  into `store_type`(`type_id`,`type_name`,`type_status`) values 
(1,'Sushi Tei',1),
(2,'Sushi-Kiosk',1),
(3,'Tom Sushi',1);

/*Table structure for table `user_data` */

DROP TABLE IF EXISTS `user_data`;

CREATE TABLE `user_data` (
  `data_id` mediumint(8) unsigned NOT NULL AUTO_INCREMENT,
  `data_user` smallint(5) unsigned NOT NULL,
  `data_type` smallint(4) DEFAULT NULL,
  `data_site` mediumint(6) NOT NULL,
  `data_value` varchar(250) DEFAULT NULL,
  PRIMARY KEY (`data_id`)
) ENGINE=InnoDB AUTO_INCREMENT=517 DEFAULT CHARSET=utf8mb4;

/*Data for the table `user_data` */

insert  into `user_data`(`data_id`,`data_user`,`data_type`,`data_site`,`data_value`) values 
(1,1028,1,3,'0'),
(2,6610,1,3,'14'),
(3,6611,1,3,'17'),
(4,6612,1,3,'81'),
(5,6613,1,3,'9'),
(6,6614,1,3,'13'),
(7,6615,1,3,'3'),
(8,6616,1,3,'158'),
(9,6617,1,3,'115'),
(10,6618,1,3,'16'),
(11,6619,1,3,'31'),
(12,6620,1,3,'39'),
(13,6621,1,3,'239'),
(14,6641,1,3,'28'),
(15,6642,1,3,'20'),
(16,6643,1,3,'4'),
(17,6644,1,3,'3'),
(18,6645,1,3,'9'),
(19,6646,1,3,'25'),
(20,6647,1,3,'38'),
(21,6648,1,3,'29'),
(22,6649,1,3,'9'),
(23,6650,1,3,'28'),
(24,6652,1,3,'148'),
(25,6653,1,3,'37'),
(26,6654,1,3,'19'),
(27,6655,1,3,'17'),
(28,6656,1,3,'57'),
(29,6658,1,3,'15'),
(30,6659,1,3,'15'),
(31,6660,1,3,'8'),
(32,6661,1,3,'1'),
(33,6662,1,3,'174'),
(34,6663,1,3,'2'),
(35,6664,1,3,'31'),
(36,6666,1,3,'1'),
(37,6667,1,3,'81'),
(38,6668,1,3,'69'),
(39,6669,1,3,'209'),
(40,6670,1,3,'52'),
(41,6671,1,3,'206'),
(42,6672,1,3,'38'),
(43,6673,1,3,'102'),
(44,6674,1,3,'22'),
(45,6675,1,3,'2'),
(46,6676,1,3,'27'),
(47,6677,1,3,'135'),
(48,6678,1,3,'13'),
(49,6679,1,3,'24'),
(50,6680,1,3,'47'),
(51,6681,1,3,'48'),
(52,6682,1,3,'190'),
(53,6683,1,3,'212'),
(54,6684,1,3,'259'),
(55,6685,1,3,'120'),
(56,6686,1,3,'204'),
(57,6687,1,3,'180'),
(58,6688,1,3,'142'),
(59,6689,1,3,'8'),
(60,6690,1,3,'194'),
(61,6691,1,3,'42'),
(62,6692,1,3,'179'),
(63,6693,1,3,'143'),
(64,6694,1,3,'172'),
(65,6695,1,3,'158'),
(66,6696,1,3,'61'),
(67,6697,1,3,'83'),
(68,6698,1,3,'162'),
(69,6699,1,3,'48'),
(70,6700,1,3,'170'),
(71,6701,1,3,'188'),
(72,6702,1,3,'197'),
(73,6703,1,3,'25'),
(74,6704,1,3,'195'),
(75,6705,1,3,'2'),
(76,6706,1,3,'153'),
(77,6707,1,3,'197'),
(78,6708,1,3,'140'),
(79,6709,1,3,'120'),
(80,6710,1,3,'4'),
(81,6711,1,3,'29'),
(82,6712,1,3,'11'),
(83,6714,1,3,'2'),
(84,6715,1,3,'36'),
(85,6716,1,3,'13'),
(86,6717,1,3,'51'),
(87,6718,1,3,'3'),
(88,6719,1,3,'74'),
(89,6720,1,3,'61'),
(90,6721,1,3,'30'),
(91,6722,1,3,'10'),
(92,6723,1,3,'2'),
(93,6724,1,3,'6'),
(94,6725,1,3,'8'),
(95,6726,1,3,'5'),
(96,6727,1,3,'101'),
(97,6728,1,3,'152'),
(98,6729,1,3,'18'),
(99,6730,1,3,'25'),
(100,6731,1,3,'10'),
(101,6732,1,3,'51'),
(102,6733,1,3,'36'),
(103,6734,1,3,'29'),
(104,6735,1,3,'38'),
(105,6736,1,3,'21'),
(106,6737,1,3,'46'),
(107,6738,1,3,'18'),
(108,6739,1,3,'44'),
(109,6740,1,3,'87'),
(110,6741,1,3,'8'),
(111,6742,1,3,'86'),
(112,6743,1,3,'34'),
(113,6744,1,3,'89'),
(114,6745,1,3,'33'),
(115,6747,1,3,'85'),
(116,6748,1,3,'74'),
(117,6749,1,3,'13'),
(118,6750,1,3,'25'),
(119,6751,1,3,'46'),
(120,6753,1,3,'35'),
(121,6754,1,3,'21'),
(122,6755,1,3,'28'),
(123,6756,1,3,'3'),
(124,6757,1,3,'42'),
(125,6758,1,3,'90'),
(126,6759,1,3,'17'),
(127,6768,1,3,'10'),
(128,6770,1,3,'27'),
(129,6772,1,3,'5'),
(130,6773,1,3,'59'),
(131,6774,1,3,'7'),
(132,6776,1,3,'3'),
(133,6778,1,3,'26'),
(134,6779,1,3,'33'),
(256,6670,1,5,'0'),
(257,6620,1,5,'6'),
(258,6648,1,5,'323'),
(259,6650,1,5,'1'),
(260,6653,1,5,'1'),
(261,6662,1,5,'2'),
(262,6668,1,5,'4'),
(263,6674,1,5,'1'),
(264,6683,1,5,'735'),
(265,6684,1,5,'993'),
(266,6685,1,5,'265'),
(267,6686,1,5,'861'),
(268,6687,1,5,'908'),
(269,6688,1,5,'1133'),
(270,6689,1,5,'105'),
(271,6690,1,5,'602'),
(272,6691,1,5,'154'),
(273,6692,1,5,'572'),
(274,6693,1,5,'612'),
(275,6694,1,5,'549'),
(276,6695,1,5,'554'),
(277,6696,1,5,'448'),
(278,6697,1,5,'237'),
(279,6698,1,5,'853'),
(280,6699,1,5,'187'),
(281,6700,1,5,'359'),
(282,6701,1,5,'1013'),
(283,6702,1,5,'717'),
(284,6703,1,5,'149'),
(285,6704,1,5,'828'),
(286,6705,1,5,'34'),
(287,6706,1,5,'598'),
(288,6707,1,5,'987'),
(289,6708,1,5,'504'),
(290,6709,1,5,'849'),
(291,6710,1,5,'47'),
(292,6714,1,5,'1'),
(293,6717,1,5,'4'),
(294,6720,1,5,'418'),
(295,6721,1,5,'4'),
(296,6722,1,5,'1'),
(297,6735,1,5,'1'),
(298,6758,1,5,'110'),
(319,6672,1,6,'2'),
(320,6610,1,6,'4'),
(321,6611,1,6,'2'),
(322,6612,1,6,'9'),
(323,6613,1,6,'9'),
(324,6614,1,6,'10'),
(325,6615,1,6,'1'),
(326,6616,1,6,'1'),
(327,6617,1,6,'1'),
(328,6618,1,6,'2'),
(329,6619,1,6,'2'),
(330,6620,1,6,'6'),
(331,6621,1,6,'6'),
(332,6641,1,6,'7'),
(333,6648,1,6,'2'),
(334,6649,1,6,'2'),
(335,6650,1,6,'2'),
(336,6653,1,6,'206'),
(337,6654,1,6,'85'),
(338,6656,1,6,'4'),
(339,6664,1,6,'3'),
(340,6668,1,6,'3'),
(341,6670,1,6,'1'),
(342,6671,1,6,'1'),
(343,6677,1,6,'3'),
(344,6678,1,6,'5'),
(345,6680,1,6,'5'),
(346,6686,1,6,'1'),
(347,6701,1,6,'1'),
(348,6707,1,6,'1'),
(349,6715,1,6,'5'),
(350,6716,1,6,'1'),
(351,6720,1,6,'2'),
(352,6754,1,6,'2'),
(353,6755,1,6,'40'),
(354,6758,1,6,'2'),
(355,6768,1,6,'4'),
(356,6774,1,6,'2'),
(357,6776,1,6,'1'),
(382,6670,1,8,'0'),
(383,6648,1,8,'39'),
(384,6657,1,8,'1'),
(385,6665,1,8,'15'),
(386,6668,1,8,'2'),
(387,6685,1,8,'6'),
(388,6686,1,8,'4'),
(389,6689,1,8,'36'),
(390,6691,1,8,'23'),
(391,6696,1,8,'5'),
(392,6697,1,8,'1'),
(393,6699,1,8,'26'),
(394,6703,1,8,'3'),
(395,6708,1,8,'3'),
(396,6717,1,8,'1'),
(397,6720,1,8,'28'),
(398,6729,1,8,'121'),
(399,6730,1,8,'76'),
(400,6731,1,8,'24'),
(401,6732,1,8,'188'),
(402,6733,1,8,'181'),
(403,6734,1,8,'230'),
(404,6735,1,8,'207'),
(405,6736,1,8,'128'),
(406,6737,1,8,'255'),
(407,6738,1,8,'77'),
(408,6739,1,8,'56'),
(409,6740,1,8,'94'),
(410,6741,1,8,'54'),
(411,6742,1,8,'62'),
(412,6743,1,8,'88'),
(413,6744,1,8,'102'),
(414,6745,1,8,'77'),
(415,6746,1,8,'18'),
(416,6747,1,8,'102'),
(417,6748,1,8,'42'),
(418,6749,1,8,'67'),
(419,6750,1,8,'88'),
(420,6751,1,8,'183'),
(421,6752,1,8,'59'),
(422,6756,1,8,'16'),
(423,6758,1,8,'1733'),
(445,6670,1,7,'0'),
(446,6648,1,7,'350'),
(447,6650,1,7,'2'),
(448,6657,1,7,'2'),
(449,6662,1,7,'1'),
(450,6665,1,7,'15'),
(451,6668,1,7,'10'),
(452,6680,1,7,'3'),
(453,6683,1,7,'10'),
(454,6684,1,7,'4'),
(455,6685,1,7,'15'),
(456,6686,1,7,'1'),
(457,6689,1,7,'18'),
(458,6690,1,7,'5'),
(459,6691,1,7,'53'),
(460,6694,1,7,'4'),
(461,6695,1,7,'15'),
(462,6696,1,7,'14'),
(463,6697,1,7,'19'),
(464,6699,1,7,'27'),
(465,6700,1,7,'1'),
(466,6701,1,7,'9'),
(467,6702,1,7,'27'),
(468,6703,1,7,'8'),
(469,6705,1,7,'9'),
(470,6707,1,7,'1'),
(471,6708,1,7,'6'),
(472,6710,1,7,'8'),
(473,6720,1,7,'114'),
(474,6721,1,7,'3'),
(475,6722,1,7,'1'),
(476,6729,1,7,'249'),
(477,6730,1,7,'340'),
(478,6731,1,7,'180'),
(479,6732,1,7,'286'),
(480,6733,1,7,'302'),
(481,6734,1,7,'464'),
(482,6735,1,7,'289'),
(483,6736,1,7,'281'),
(484,6737,1,7,'294'),
(485,6738,1,7,'280'),
(486,6739,1,7,'311'),
(487,6740,1,7,'308'),
(488,6741,1,7,'120'),
(489,6742,1,7,'263'),
(490,6743,1,7,'262'),
(491,6744,1,7,'400'),
(492,6745,1,7,'228'),
(493,6746,1,7,'40'),
(494,6747,1,7,'469'),
(495,6748,1,7,'255'),
(496,6749,1,7,'301'),
(497,6750,1,7,'306'),
(498,6751,1,7,'282'),
(499,6752,1,7,'141'),
(500,6756,1,7,'12'),
(501,6758,1,7,'1928'),
(502,6777,1,5,'1'),
(503,6755,1,5,'2'),
(504,6799,1,5,'23'),
(505,6803,1,5,'35'),
(506,6646,1,13,'4'),
(507,6804,1,13,'1'),
(508,6803,1,7,'8'),
(509,6668,1,13,'1'),
(510,6812,1,6,'1'),
(511,6803,1,8,'2'),
(512,6795,1,7,'2'),
(513,6795,1,8,'1'),
(514,6641,1,5,'2'),
(515,6718,1,5,'2'),
(516,6799,1,7,'9');

/*Table structure for table `user_data_type` */

DROP TABLE IF EXISTS `user_data_type`;

CREATE TABLE `user_data_type` (
  `type_id` smallint(4) unsigned NOT NULL AUTO_INCREMENT,
  `type_name` varchar(25) DEFAULT NULL,
  `type_desc` varchar(50) DEFAULT NULL,
  PRIMARY KEY (`type_id`)
) ENGINE=InnoDB AUTO_INCREMENT=4 DEFAULT CHARSET=utf8mb4;

/*Data for the table `user_data_type` */

insert  into `user_data_type`(`type_id`,`type_name`,`type_desc`) values 
(1,'total_ticket','Total Ticket'),
(2,'open_ticket','Open Ticket'),
(3,'on_progress_ticket','On-Progress Ticket');

/*Table structure for table `user_role` */

DROP TABLE IF EXISTS `user_role`;

CREATE TABLE `user_role` (
  `role_id` smallint(2) unsigned NOT NULL AUTO_INCREMENT,
  `role_name` varchar(50) CHARACTER SET utf8 NOT NULL,
  `role_level` smallint(2) unsigned NOT NULL,
  PRIMARY KEY (`role_id`)
) ENGINE=InnoDB AUTO_INCREMENT=32 DEFAULT CHARSET=utf8mb4;

/*Data for the table `user_role` */

insert  into `user_role`(`role_id`,`role_name`,`role_level`) values 
(1,'Super Admin',99),
(2,'Administrator',98),
(3,'MRP Engineer',5),
(4,'Ticket Users',1),
(5,'Admin MRP',10),
(6,'Area Manager',90),
(7,'Admin View',91),
(8,'tes',10),
(9,'PQNC Engineer',5),
(10,'Admin IT',10),
(11,'Admin GA',10),
(12,'Admin SLNC',10),
(13,'PIC SLNC',10),
(14,'Admin PQNC',10),
(15,'MOD Sushi Tei',2),
(18,'Admin Booking Room',0),
(19,'ISA Outlet',0),
(20,'Warehouse',0),
(21,'IT Luar Kota',0),
(22,'Central Kitchen',0),
(23,'Purchasing',0),
(24,'MOD Tom Sushi',0),
(25,'MOD Sushi Kiosk',0),
(26,'Admin PA Desk',0),
(27,'KAHI',0),
(28,'Admin FNB',0),
(29,'Admin QA',0),
(30,'Head Stock Keeper',0),
(31,'OPR Admin',0);

/*Table structure for table `user_role_manager` */

DROP TABLE IF EXISTS `user_role_manager`;

CREATE TABLE `user_role_manager` (
  `role` smallint(2) DEFAULT NULL,
  `allow_role` smallint(2) DEFAULT NULL
) ENGINE=InnoDB DEFAULT CHARSET=utf8mb4;

/*Data for the table `user_role_manager` */

/*Table structure for table `user_sessions` */

DROP TABLE IF EXISTS `user_sessions`;

CREATE TABLE `user_sessions` (
  `id` varchar(128) NOT NULL,
  `ip_address` varchar(45) NOT NULL,
  `timestamp` int(10) unsigned NOT NULL DEFAULT '0',
  `data` blob NOT NULL,
  PRIMARY KEY (`ip_address`),
  KEY `ci_sessions_timestamp` (`timestamp`)
) ENGINE=InnoDB DEFAULT CHARSET=utf8mb4;

/*Data for the table `user_sessions` */

/*!40101 SET SQL_MODE=@OLD_SQL_MODE */;
/*!40014 SET FOREIGN_KEY_CHECKS=@OLD_FOREIGN_KEY_CHECKS */;
/*!40014 SET UNIQUE_CHECKS=@OLD_UNIQUE_CHECKS */;
/*!40111 SET SQL_NOTES=@OLD_SQL_NOTES */;
